id;emp_type;srs_emp_id;full_name;first_name;last_name;education;certification;email;contact_no;status;created_by;created_date;updated_by;updated_date
1;mobile Fish;Home Loan Account Table Computer;Trace;Estella;Miller;alarm;Tasty Metal Bacon;Coy99@hotmail.com;Money Market Account;Albania web-readiness;Namibia;2019-06-11T21:12:55;Gorgeous Frozen Pants;2019-06-12T01:13:31
2;Licensed Savings Account;Cambridgeshire Mississippi;HDD;Marilou;Dach;Small Frozen Sausages Planner;envisioneer Music Public-key;Idella60@gmail.com;backing up Salad;Digitized invoice;convergence;2019-06-12T01:49:16;Georgia Industrial;2019-06-11T10:35:50
3;Views e-enable Communications;National Awesome sky blue;Tactics;Rosalinda;Howell;interactive generating compelling;Home Loan Account;Brooks.Grimes7@gmail.com;Administrator;reinvent 24 hour Jewelery;monitor;2019-06-11T13:18:57;quantify Unbranded Plastic Tuna Frozen;2019-06-11T10:05:51
4;Investment Account archive Fantastic Plastic Chicken;payment;withdrawal COM;Jannie;Homenick;Developer;synthesize Idaho compress;Aliza.Lebsack11@yahoo.com;partnerships;Outdoors;Harbor Montana;2019-06-11T14:07:11;Concrete Investment Account Saint Lucia;2019-06-12T01:56:18
5;Brand;neutral Salad;Auto Loan Account modular Refined;Jacky;Schmitt;maroon;EXE projection Fresh;Emilio27@yahoo.com;withdrawal;copying;ability Hat Iraq;2019-06-11T19:10:34;Bahamian Dollar;2019-06-12T00:20:45
6;User-centric Gloves;Mauritania;facilitate Tasty Concrete Chips Exclusive;Mauricio;Kunze;capability zero tolerance Computers;Analyst paradigms;Dulce_Heathcote23@gmail.com;Granite Berkshire Designer;Credit Card Account;navigate;2019-06-12T01:06:31;transmitter;2019-06-11T21:59:06
7;invoice withdrawal;bypassing optical;installation;Chyna;Powlowski;HDD;Algerian Dinar;Merl.Langosh34@gmail.com;Rustic Quality;synthesize Creative;Forint;2019-06-11T13:10:01;azure;2019-06-11T17:49:02
8;Fiji Dollar Profound Bacon;Macao Equatorial Guinea Vision-oriented;Agent;Keara;Tromp;deposit B2B cross-media;programming SCSI drive;Lucius93@hotmail.com;solid state;Home Loan Account Tools Unbranded;Supervisor clear-thinking;2019-06-11T23:28:59;Buckinghamshire Ports;2019-06-11T06:56:42
9;Fish;Networked;Fish;Frederick;O'Connell;calculating withdrawal Nevada;Berkshire;Dimitri58@yahoo.com;Coordinator Cambridgeshire Investor;cross-platform Borders;Libyan Dinar CSS;2019-06-12T01:17:15;Bedfordshire Alaska calculate;2019-06-12T05:45:55
10;Representative;Response Human;back up Factors;Erwin;Kautzer;Planner Strategist;Incredible functionalities fuchsia;Emile37@gmail.com;matrix calculating;Arkansas Intelligent Credit Card Account;intuitive Open-architected system-worthy;2019-06-11T23:04:14;calculating Metal array;2019-06-11T17:32:39
